{"path":"/home/qin/SeniorA/PracticeA/IRCRA/Proj/datasets/data_traffic/data/images/train_157-176/157.jpg","outputs":{"object":[{"name":" Person","bndbox":{"xmin":820,"ymin":560,"xmax":1916,"ymax":1078}},{"name":"CrossWalk","bndbox":{"xmin":0,"ymin":871,"xmax":303,"ymax":1076}},{"name":"CrossWalk","bndbox":{"xmin":362,"ymin":518,"xmax":626,"ymax":538}},{"name":"CrossWalk","bndbox":{"xmin":888,"ymin":520,"xmax":960,"ymax":534}},{"name":"CrossWalk","bndbox":{"xmin":221,"ymin":657,"xmax":801,"ymax":1081}},{"name":" Car","bndbox":{"xmin":2,"ymin":470,"xmax":386,"ymax":574}},{"name":" Car","bndbox":{"xmin":614,"ymin":460,"xmax":904,"ymax":560}},{"name":" RedLight","bndbox":{"xmin":734,"ymin":316,"xmax":746,"ymax":326}},{"name":" RedLight","bndbox":{"xmin":778,"ymin":317,"xmax":789,"ymax":327}},{"name":" GreenLight","bndbox":{"xmin":823,"ymin":344,"xmax":837,"ymax":355}},{"name":" RedLight","bndbox":{"xmin":1010,"ymin":362,"xmax":1025,"ymax":376}},{"name":" RedLight","bndbox":{"xmin":1011,"ymin":410,"xmax":1025,"ymax":422}},{"name":" RedLight","bndbox":{"xmin":1013,"ymin":434,"xmax":1026,"ymax":446}},{"name":" Car","bndbox":{"xmin":0,"ymin":462,"xmax":84,"ymax":506}},{"name":" Car","bndbox":{"xmin":52,"ymin":460,"xmax":148,"ymax":505}},{"name":" Car","bndbox":{"xmin":142,"ymin":382,"xmax":384,"ymax":499}},{"name":" Car","bndbox":{"xmin":304,"ymin":468,"xmax":390,"ymax":506}},{"name":" Car","bndbox":{"xmin":383,"ymin":464,"xmax":475,"ymax":510}},{"name":" Car","bndbox":{"xmin":373,"ymin":421,"xmax":526,"ymax":485}},{"name":" Car","bndbox":{"xmin":460,"ymin":455,"xmax":537,"ymax":504}},{"name":" Car","bndbox":{"xmin":532,"ymin":468,"xmax":586,"ymax":500}},{"name":" Car","bndbox":{"xmin":572,"ymin":466,"xmax":610,"ymax":489}},{"name":" Car","bndbox":{"xmin":597,"ymin":435,"xmax":674,"ymax":485}},{"name":" Car","bndbox":{"xmin":693,"ymin":449,"xmax":735,"ymax":479}},{"name":" Car","bndbox":{"xmin":902,"ymin":470,"xmax":924,"ymax":480}},{"name":" Car","bndbox":{"xmin":907,"ymin":471,"xmax":962,"ymax":520}},{"name":" Car","bndbox":{"xmin":935,"ymin":482,"xmax":1258,"ymax":589}},{"name":" Car","bndbox":{"xmin":1209,"ymin":477,"xmax":1413,"ymax":568}},{"name":" Car","bndbox":{"xmin":983,"ymin":480,"xmax":1138,"ymax":525}},{"name":" Car","bndbox":{"xmin":1206,"ymin":388,"xmax":1917,"ymax":558}},{"name":" Car","bndbox":{"xmin":1709,"ymin":461,"xmax":1917,"ymax":584}},{"name":" Person","bndbox":{"xmin":998,"ymin":466,"xmax":1014,"ymax":501}},{"name":" Person","bndbox":{"xmin":967,"ymin":471,"xmax":992,"ymax":521}},{"name":" Person","bndbox":{"xmin":965,"ymin":473,"xmax":981,"ymax":519}},{"name":" Person","bndbox":{"xmin":935,"ymin":473,"xmax":960,"ymax":527}},{"name":" Person","bndbox":{"xmin":1042,"ymin":467,"xmax":1056,"ymax":488}},{"name":" Person","bndbox":{"xmin":1064,"ymin":466,"xmax":1080,"ymax":481}},{"name":" Person","bndbox":{"xmin":1030,"ymin":477,"xmax":1040,"ymax":494}}]},"time_labeled":1603744573159,"labeled":true,"size":{"width":1920,"height":1080,"depth":3}}