{"path":"/home/qin/SeniorA/PracticeA/IRCRA/Proj/datasets/data_traffic/data/images/train_157-176/158.jpg","outputs":{"object":[{"name":"CrossWalk","bndbox":{"xmin":816,"ymin":542,"xmax":1918,"ymax":1074}},{"name":"CrossWalk","bndbox":{"xmin":0,"ymin":858,"xmax":300,"ymax":1076}},{"name":"CrossWalk","bndbox":{"xmin":10,"ymin":520,"xmax":397,"ymax":536}},{"name":" Person","bndbox":{"xmin":224,"ymin":652,"xmax":820,"ymax":1076}},{"name":" Person","bndbox":{"xmin":999,"ymin":463,"xmax":1013,"ymax":476}},{"name":" Person","bndbox":{"xmin":993,"ymin":466,"xmax":1004,"ymax":479}},{"name":" Person","bndbox":{"xmin":988,"ymin":469,"xmax":998,"ymax":484}},{"name":" Person","bndbox":{"xmin":944,"ymin":468,"xmax":960,"ymax":495}},{"name":" Person","bndbox":{"xmin":932,"ymin":467,"xmax":949,"ymax":496}},{"name":" Person","bndbox":{"xmin":231,"ymin":453,"xmax":265,"ymax":511}},{"name":" RedLight","bndbox":{"xmin":736,"ymin":315,"xmax":746,"ymax":325}},{"name":" RedLight","bndbox":{"xmin":778,"ymin":316,"xmax":788,"ymax":325}},{"name":" RedLight","bndbox":{"xmin":1009,"ymin":360,"xmax":1025,"ymax":373}},{"name":" RedLight","bndbox":{"xmin":1013,"ymin":407,"xmax":1026,"ymax":420}},{"name":" GreenLight","bndbox":{"xmin":824,"ymin":341,"xmax":834,"ymax":352}},{"name":" Car","bndbox":{"xmin":0,"ymin":496,"xmax":18,"ymax":564}},{"name":" Car","bndbox":{"xmin":0,"ymin":460,"xmax":80,"ymax":506}},{"name":" Car","bndbox":{"xmin":53,"ymin":460,"xmax":148,"ymax":513}},{"name":" Car","bndbox":{"xmin":147,"ymin":378,"xmax":384,"ymax":510}},{"name":" Car","bndbox":{"xmin":290,"ymin":463,"xmax":390,"ymax":509}},{"name":" Car","bndbox":{"xmin":381,"ymin":460,"xmax":471,"ymax":506}},{"name":" Car","bndbox":{"xmin":380,"ymin":415,"xmax":526,"ymax":470}},{"name":" Car","bndbox":{"xmin":458,"ymin":453,"xmax":536,"ymax":483}},{"name":" Car","bndbox":{"xmin":391,"ymin":453,"xmax":541,"ymax":539}},{"name":" Car","bndbox":{"xmin":390,"ymin":459,"xmax":682,"ymax":561}},{"name":" Car","bndbox":{"xmin":583,"ymin":432,"xmax":666,"ymax":473}},{"name":" Car","bndbox":{"xmin":656,"ymin":469,"xmax":737,"ymax":518}},{"name":" Car","bndbox":{"xmin":684,"ymin":447,"xmax":727,"ymax":476}},{"name":" Car","bndbox":{"xmin":651,"ymin":474,"xmax":1007,"ymax":600}},{"name":" Car","bndbox":{"xmin":826,"ymin":471,"xmax":866,"ymax":483}},{"name":" Car","bndbox":{"xmin":910,"ymin":467,"xmax":928,"ymax":475}},{"name":" Car","bndbox":{"xmin":915,"ymin":472,"xmax":949,"ymax":493}},{"name":" Car","bndbox":{"xmin":941,"ymin":475,"xmax":1073,"ymax":516}},{"name":" Car","bndbox":{"xmin":985,"ymin":477,"xmax":1219,"ymax":566}},{"name":" Car","bndbox":{"xmin":1036,"ymin":377,"xmax":1785,"ymax":561}},{"name":" Car","bndbox":{"xmin":1517,"ymin":455,"xmax":1832,"ymax":580}},{"name":" Car","bndbox":{"xmin":1808,"ymin":477,"xmax":1919,"ymax":570}}]},"time_labeled":1603739788460,"labeled":true,"size":{"width":1920,"height":1080,"depth":3}}