{"path":"/home/qin/SeniorA/PracticeA/IRCRA/Proj/datasets/data_traffic/data/images/train_157-176/159.jpg","outputs":{"object":[{"name":"CrossWalk","bndbox":{"xmin":554,"ymin":519,"xmax":866,"ymax":533}},{"name":"CrossWalk","bndbox":{"xmin":808,"ymin":558,"xmax":1916,"ymax":1070}},{"name":" RedLight","bndbox":{"xmin":725,"ymin":315,"xmax":735,"ymax":324}},{"name":" RedLight","bndbox":{"xmin":767,"ymin":314,"xmax":778,"ymax":326}},{"name":" RedLight","bndbox":{"xmin":999,"ymin":362,"xmax":1015,"ymax":375}},{"name":" RedLight","bndbox":{"xmin":1003,"ymin":410,"xmax":1016,"ymax":419}},{"name":" RedLight","bndbox":{"xmin":1003,"ymin":432,"xmax":1015,"ymax":445}},{"name":" GreenLight","bndbox":{"xmin":812,"ymin":343,"xmax":823,"ymax":353}},{"name":" Car","bndbox":{"xmin":0,"ymin":508,"xmax":858,"ymax":970}},{"name":" Car","bndbox":{"xmin":2,"ymin":468,"xmax":250,"ymax":532}},{"name":" Car","bndbox":{"xmin":134,"ymin":382,"xmax":372,"ymax":516}},{"name":" Car","bndbox":{"xmin":278,"ymin":468,"xmax":372,"ymax":506}},{"name":" Car","bndbox":{"xmin":352,"ymin":458,"xmax":410,"ymax":498}},{"name":" Car","bndbox":{"xmin":376,"ymin":464,"xmax":470,"ymax":512}},{"name":" Car","bndbox":{"xmin":514,"ymin":462,"xmax":578,"ymax":498}},{"name":" Car","bndbox":{"xmin":448,"ymin":454,"xmax":524,"ymax":496}},{"name":" Car","bndbox":{"xmin":551,"ymin":431,"xmax":636,"ymax":483}},{"name":" Car","bndbox":{"xmin":371,"ymin":422,"xmax":515,"ymax":472}},{"name":" Car","bndbox":{"xmin":621,"ymin":448,"xmax":658,"ymax":478}},{"name":" Car","bndbox":{"xmin":700,"ymin":471,"xmax":771,"ymax":522}},{"name":" Car","bndbox":{"xmin":749,"ymin":468,"xmax":785,"ymax":498}},{"name":" Car","bndbox":{"xmin":859,"ymin":474,"xmax":1127,"ymax":557}},{"name":" Car","bndbox":{"xmin":1075,"ymin":479,"xmax":1182,"ymax":515}},{"name":" Car","bndbox":{"xmin":1083,"ymin":477,"xmax":1416,"ymax":583}},{"name":" Car","bndbox":{"xmin":1278,"ymin":466,"xmax":1432,"ymax":540}},{"name":" Car","bndbox":{"xmin":1426,"ymin":480,"xmax":1639,"ymax":551}},{"name":" Car","bndbox":{"xmin":1660,"ymin":498,"xmax":1922,"ymax":663}},{"name":" Car","bndbox":{"xmin":1677,"ymin":473,"xmax":1920,"ymax":553}},{"name":" Person","bndbox":{"xmin":217,"ymin":639,"xmax":806,"ymax":1077}},{"name":" Person","bndbox":{"xmin":833,"ymin":463,"xmax":866,"ymax":512}},{"name":" Person","bndbox":{"xmin":937,"ymin":469,"xmax":948,"ymax":489}},{"name":" Person","bndbox":{"xmin":924,"ymin":469,"xmax":933,"ymax":479}},{"name":" Person","bndbox":{"xmin":953,"ymin":471,"xmax":965,"ymax":486}},{"name":" Person","bndbox":{"xmin":946,"ymin":468,"xmax":956,"ymax":483}},{"name":" Person","bndbox":{"xmin":987,"ymin":467,"xmax":1000,"ymax":478}},{"name":" Person","bndbox":{"xmin":1032,"ymin":466,"xmax":1049,"ymax":477}}]},"time_labeled":1603743464555,"labeled":true,"size":{"width":1920,"height":1080,"depth":3}}