{"path":"/home/qin/SeniorA/PracticeA/IRCRA/Proj/datasets/data_traffic/data/images/train_157-176/160.jpg","outputs":{"object":[{"name":"CrossWalk","bndbox":{"xmin":-1,"ymin":520,"xmax":573,"ymax":538}},{"name":"CrossWalk","bndbox":{"xmin":0,"ymin":867,"xmax":292,"ymax":1082}},{"name":" RedLight","bndbox":{"xmin":726,"ymin":316,"xmax":736,"ymax":325}},{"name":" RedLight","bndbox":{"xmin":766,"ymin":317,"xmax":779,"ymax":326}},{"name":" RedLight","bndbox":{"xmin":1002,"ymin":362,"xmax":1016,"ymax":375}},{"name":" RedLight","bndbox":{"xmin":1004,"ymin":410,"xmax":1016,"ymax":421}},{"name":" RedLight","bndbox":{"xmin":1005,"ymin":433,"xmax":1016,"ymax":445}},{"name":" GreenLight","bndbox":{"xmin":813,"ymin":344,"xmax":827,"ymax":354}},{"name":" Car","bndbox":{"xmin":540,"ymin":490,"xmax":1236,"ymax":776}},{"name":" Car","bndbox":{"xmin":570,"ymin":476,"xmax":828,"ymax":564}},{"name":" Car","bndbox":{"xmin":0,"ymin":465,"xmax":67,"ymax":506}},{"name":" Car","bndbox":{"xmin":41,"ymin":458,"xmax":134,"ymax":509}},{"name":" Car","bndbox":{"xmin":134,"ymin":383,"xmax":370,"ymax":508}},{"name":" Car","bndbox":{"xmin":278,"ymin":465,"xmax":378,"ymax":516}},{"name":" Car","bndbox":{"xmin":374,"ymin":462,"xmax":468,"ymax":512}},{"name":" Car","bndbox":{"xmin":372,"ymin":424,"xmax":515,"ymax":471}},{"name":" Car","bndbox":{"xmin":447,"ymin":454,"xmax":525,"ymax":501}},{"name":" Car","bndbox":{"xmin":508,"ymin":465,"xmax":575,"ymax":495}},{"name":" Car","bndbox":{"xmin":544,"ymin":431,"xmax":632,"ymax":480}},{"name":" Car","bndbox":{"xmin":763,"ymin":468,"xmax":803,"ymax":484}},{"name":" Car","bndbox":{"xmin":1010,"ymin":481,"xmax":1087,"ymax":498}},{"name":" Car","bndbox":{"xmin":1025,"ymin":466,"xmax":1250,"ymax":552}},{"name":" Car","bndbox":{"xmin":1303,"ymin":476,"xmax":1523,"ymax":556}},{"name":" Car","bndbox":{"xmin":1502,"ymin":475,"xmax":1678,"ymax":555}},{"name":" Car","bndbox":{"xmin":1589,"ymin":459,"xmax":1908,"ymax":589}},{"name":"CrossWalk","bndbox":{"xmin":814,"ymin":539,"xmax":1919,"ymax":1070}},{"name":" Person","bndbox":{"xmin":211,"ymin":654,"xmax":789,"ymax":1078}},{"name":" Person","bndbox":{"xmin":878,"ymin":472,"xmax":884,"ymax":477}},{"name":" Person","bndbox":{"xmin":887,"ymin":473,"xmax":897,"ymax":478}},{"name":" Person","bndbox":{"xmin":924,"ymin":470,"xmax":932,"ymax":478}},{"name":" Person","bndbox":{"xmin":934,"ymin":471,"xmax":946,"ymax":480}},{"name":" Person","bndbox":{"xmin":960,"ymin":471,"xmax":972,"ymax":480}},{"name":" Person","bndbox":{"xmin":976,"ymin":471,"xmax":985,"ymax":486}},{"name":" Person","bndbox":{"xmin":1034,"ymin":466,"xmax":1047,"ymax":479}}]},"time_labeled":1603743523530,"labeled":true,"size":{"width":1920,"height":1080,"depth":3}}