{"path":"/home/qin/SeniorA/PracticeA/IRCRA/Proj/datasets/data_traffic/data/images/train_157-176/161.jpg","outputs":{"object":[{"name":"CrossWalk","bndbox":{"xmin":0,"ymin":866,"xmax":352,"ymax":1072}},{"name":"CrossWalk","bndbox":{"xmin":792,"ymin":530,"xmax":1916,"ymax":1062}},{"name":"CrossWalk","bndbox":{"xmin":696,"ymin":520,"xmax":822,"ymax":536}},{"name":"CrossWalk","bndbox":{"xmin":0,"ymin":520,"xmax":246,"ymax":544}},{"name":" RedLight","bndbox":{"xmin":728,"ymin":316,"xmax":736,"ymax":325}},{"name":" RedLight","bndbox":{"xmin":769,"ymin":317,"xmax":779,"ymax":328}},{"name":" RedLight","bndbox":{"xmin":1002,"ymin":364,"xmax":1015,"ymax":374}},{"name":" RedLight","bndbox":{"xmin":1006,"ymin":412,"xmax":1016,"ymax":421}},{"name":" RedLight","bndbox":{"xmin":1006,"ymin":433,"xmax":1016,"ymax":444}},{"name":" GreenLight","bndbox":{"xmin":814,"ymin":345,"xmax":825,"ymax":353}},{"name":" Car","bndbox":{"xmin":1042,"ymin":500,"xmax":1582,"ymax":722}},{"name":" Car","bndbox":{"xmin":1816,"ymin":482,"xmax":1921,"ymax":554}},{"name":" Car","bndbox":{"xmin":1322,"ymin":458,"xmax":1616,"ymax":582}},{"name":" Car","bndbox":{"xmin":818,"ymin":464,"xmax":1073,"ymax":553}},{"name":" Car","bndbox":{"xmin":781,"ymin":469,"xmax":821,"ymax":493}},{"name":" Car","bndbox":{"xmin":715,"ymin":472,"xmax":785,"ymax":519}},{"name":" Car","bndbox":{"xmin":295,"ymin":475,"xmax":704,"ymax":595}},{"name":" Car","bndbox":{"xmin":544,"ymin":432,"xmax":637,"ymax":479}},{"name":" Car","bndbox":{"xmin":450,"ymin":453,"xmax":530,"ymax":476}},{"name":" Car","bndbox":{"xmin":222,"ymin":472,"xmax":482,"ymax":572}},{"name":" Car","bndbox":{"xmin":280,"ymin":467,"xmax":375,"ymax":505}},{"name":" Car","bndbox":{"xmin":369,"ymin":420,"xmax":506,"ymax":481}},{"name":" Car","bndbox":{"xmin":132,"ymin":383,"xmax":370,"ymax":508}},{"name":" Car","bndbox":{"xmin":41,"ymin":462,"xmax":139,"ymax":509}},{"name":" Car","bndbox":{"xmin":0,"ymin":462,"xmax":71,"ymax":508}},{"name":" Person","bndbox":{"xmin":1035,"ymin":466,"xmax":1049,"ymax":482}},{"name":" Person","bndbox":{"xmin":860,"ymin":472,"xmax":880,"ymax":498}},{"name":" Person","bndbox":{"xmin":212,"ymin":650,"xmax":796,"ymax":1081}}]},"time_labeled":1603743557415,"labeled":true,"size":{"width":1920,"height":1080,"depth":3}}