{"path":"/home/qin/SeniorA/PracticeA/IRCRA/Proj/datasets/data_traffic/data/images/train_157-176/162.jpg","outputs":{"object":[{"name":"CrossWalk","bndbox":{"xmin":246,"ymin":520,"xmax":618,"ymax":530}},{"name":"CrossWalk","bndbox":{"xmin":-4,"ymin":864,"xmax":298,"ymax":1086}},{"name":"CrossWalk","bndbox":{"xmin":802,"ymin":526,"xmax":1914,"ymax":1074}},{"name":" RedLight","bndbox":{"xmin":724,"ymin":313,"xmax":736,"ymax":323}},{"name":" RedLight","bndbox":{"xmin":767,"ymin":313,"xmax":782,"ymax":326}},{"name":" RedLight","bndbox":{"xmin":1003,"ymin":359,"xmax":1017,"ymax":374}},{"name":" RedLight","bndbox":{"xmin":1006,"ymin":406,"xmax":1018,"ymax":419}},{"name":" RedLight","bndbox":{"xmin":1007,"ymin":432,"xmax":1017,"ymax":442}},{"name":" GreenLight","bndbox":{"xmin":814,"ymin":341,"xmax":827,"ymax":349}},{"name":" Car","bndbox":{"xmin":1691,"ymin":470,"xmax":1896,"ymax":556}},{"name":" Car","bndbox":{"xmin":1440,"ymin":494,"xmax":1916,"ymax":681}},{"name":" Car","bndbox":{"xmin":970,"ymin":461,"xmax":1296,"ymax":586}},{"name":" Car","bndbox":{"xmin":1283,"ymin":497,"xmax":1319,"ymax":548}},{"name":" Car","bndbox":{"xmin":1271,"ymin":473,"xmax":1376,"ymax":553}},{"name":" Car","bndbox":{"xmin":866,"ymin":473,"xmax":1030,"ymax":533}},{"name":" Car","bndbox":{"xmin":611,"ymin":460,"xmax":874,"ymax":553}},{"name":" Car","bndbox":{"xmin":1,"ymin":468,"xmax":259,"ymax":607}},{"name":" Car","bndbox":{"xmin":88,"ymin":461,"xmax":136,"ymax":480}},{"name":" Car","bndbox":{"xmin":137,"ymin":380,"xmax":373,"ymax":509}},{"name":" Car","bndbox":{"xmin":280,"ymin":462,"xmax":379,"ymax":505}},{"name":" Car","bndbox":{"xmin":373,"ymin":457,"xmax":466,"ymax":510}},{"name":" Car","bndbox":{"xmin":371,"ymin":417,"xmax":519,"ymax":489}},{"name":" Car","bndbox":{"xmin":450,"ymin":451,"xmax":533,"ymax":498}},{"name":" Car","bndbox":{"xmin":525,"ymin":461,"xmax":578,"ymax":497}},{"name":" Car","bndbox":{"xmin":548,"ymin":426,"xmax":638,"ymax":480}},{"name":" Person","bndbox":{"xmin":200,"ymin":644,"xmax":810,"ymax":1078}},{"name":" Person","bndbox":{"xmin":851,"ymin":467,"xmax":871,"ymax":490}},{"name":" Person","bndbox":{"xmin":929,"ymin":469,"xmax":935,"ymax":475}},{"name":" Person","bndbox":{"xmin":940,"ymin":467,"xmax":949,"ymax":476}},{"name":" Person","bndbox":{"xmin":1033,"ymin":462,"xmax":1048,"ymax":500}},{"name":" Person","bndbox":{"xmin":993,"ymin":464,"xmax":1001,"ymax":486}},{"name":" Person","bndbox":{"xmin":998,"ymin":466,"xmax":1007,"ymax":483}},{"name":" Person","bndbox":{"xmin":980,"ymin":463,"xmax":989,"ymax":481}},{"name":" Person","bndbox":{"xmin":986,"ymin":464,"xmax":994,"ymax":485}}]},"time_labeled":1603743607142,"labeled":true,"size":{"width":1920,"height":1080,"depth":3}}