{"path":"/home/qin/SeniorA/PracticeA/IRCRA/Proj/datasets/data_traffic/data/images/train_157-176/163.jpg","outputs":{"object":[{"name":"CrossWalk","bndbox":{"xmin":0,"ymin":852,"xmax":292,"ymax":1082}},{"name":"CrossWalk","bndbox":{"xmin":828,"ymin":532,"xmax":1824,"ymax":1108}},{"name":"CrossWalk","bndbox":{"xmin":0,"ymin":518,"xmax":408,"ymax":528}},{"name":" RedLight","bndbox":{"xmin":727,"ymin":310,"xmax":736,"ymax":319}},{"name":" RedLight","bndbox":{"xmin":768,"ymin":310,"xmax":780,"ymax":322}},{"name":" RedLight","bndbox":{"xmin":1004,"ymin":356,"xmax":1016,"ymax":368}},{"name":" RedLight","bndbox":{"xmin":1007,"ymin":403,"xmax":1018,"ymax":416}},{"name":" RedLight","bndbox":{"xmin":1006,"ymin":428,"xmax":1016,"ymax":438}},{"name":" GreenLight","bndbox":{"xmin":814,"ymin":335,"xmax":827,"ymax":347}},{"name":" Car","bndbox":{"xmin":1844,"ymin":504,"xmax":1919,"ymax":647}},{"name":" Car","bndbox":{"xmin":1439,"ymin":464,"xmax":1693,"ymax":551}},{"name":" Car","bndbox":{"xmin":1169,"ymin":475,"xmax":1295,"ymax":539}},{"name":" Car","bndbox":{"xmin":1005,"ymin":468,"xmax":1188,"ymax":552}},{"name":" Car","bndbox":{"xmin":938,"ymin":469,"xmax":1021,"ymax":557}},{"name":" Car","bndbox":{"xmin":615,"ymin":450,"xmax":967,"ymax":584}},{"name":" Car","bndbox":{"xmin":392,"ymin":452,"xmax":666,"ymax":556}},{"name":" Car","bndbox":{"xmin":549,"ymin":424,"xmax":640,"ymax":469}},{"name":" Car","bndbox":{"xmin":375,"ymin":457,"xmax":459,"ymax":504}},{"name":" Car","bndbox":{"xmin":451,"ymin":446,"xmax":525,"ymax":487}},{"name":" Car","bndbox":{"xmin":371,"ymin":416,"xmax":470,"ymax":473}},{"name":" Car","bndbox":{"xmin":374,"ymin":452,"xmax":415,"ymax":475}},{"name":" Car","bndbox":{"xmin":278,"ymin":457,"xmax":380,"ymax":498}},{"name":" Car","bndbox":{"xmin":134,"ymin":372,"xmax":373,"ymax":505}},{"name":" Car","bndbox":{"xmin":39,"ymin":452,"xmax":143,"ymax":501}},{"name":" Car","bndbox":{"xmin":0,"ymin":453,"xmax":70,"ymax":498}},{"name":" Person","bndbox":{"xmin":206,"ymin":642,"xmax":812,"ymax":1078}},{"name":" Person","bndbox":{"xmin":772,"ymin":471,"xmax":791,"ymax":499}},{"name":" Person","bndbox":{"xmin":1035,"ymin":457,"xmax":1048,"ymax":483}},{"name":" Person","bndbox":{"xmin":992,"ymin":460,"xmax":1005,"ymax":488}},{"name":" Person","bndbox":{"xmin":970,"ymin":464,"xmax":985,"ymax":488}},{"name":" Person","bndbox":{"xmin":961,"ymin":465,"xmax":968,"ymax":477}},{"name":" Person","bndbox":{"xmin":1314,"ymin":473,"xmax":1329,"ymax":519}},{"name":" Person","bndbox":{"xmin":1332,"ymin":469,"xmax":1351,"ymax":504}},{"name":" Person","bndbox":{"xmin":1394,"ymin":467,"xmax":1407,"ymax":510}},{"name":" Person","bndbox":{"xmin":1440,"ymin":461,"xmax":1458,"ymax":510}}]},"time_labeled":1603743690122,"labeled":true,"size":{"width":1920,"height":1080,"depth":3}}