{"path":"/home/qin/SeniorA/PracticeA/IRCRA/Proj/datasets/data_traffic/data/images/train_157-176/164.jpg","outputs":{"object":[{"name":"CrossWalk","bndbox":{"xmin":888,"ymin":534,"xmax":1914,"ymax":1076}},{"name":"CrossWalk","bndbox":{"xmin":74,"ymin":846,"xmax":298,"ymax":1062}},{"name":"CrossWalk","bndbox":{"xmin":-1,"ymin":509,"xmax":159,"ymax":523}},{"name":"CrossWalk","bndbox":{"xmin":724,"ymin":508,"xmax":762,"ymax":518}},{"name":" RedLight","bndbox":{"xmin":726,"ymin":304,"xmax":736,"ymax":316}},{"name":" RedLight","bndbox":{"xmin":770,"ymin":305,"xmax":781,"ymax":316}},{"name":" RedLight","bndbox":{"xmin":1004,"ymin":351,"xmax":1018,"ymax":366}},{"name":" RedLight","bndbox":{"xmin":1007,"ymin":400,"xmax":1017,"ymax":412}},{"name":" RedLight","bndbox":{"xmin":1007,"ymin":424,"xmax":1017,"ymax":435}},{"name":" GreenLight","bndbox":{"xmin":816,"ymin":334,"xmax":825,"ymax":343}},{"name":" Car","bndbox":{"xmin":1253,"ymin":457,"xmax":1497,"ymax":547}},{"name":" Car","bndbox":{"xmin":1033,"ymin":469,"xmax":1226,"ymax":540}},{"name":" Car","bndbox":{"xmin":753,"ymin":458,"xmax":1000,"ymax":550}},{"name":" Car","bndbox":{"xmin":764,"ymin":462,"xmax":815,"ymax":493}},{"name":" Car","bndbox":{"xmin":836,"ymin":455,"xmax":863,"ymax":470}},{"name":" Car","bndbox":{"xmin":557,"ymin":463,"xmax":736,"ymax":558}},{"name":" Car","bndbox":{"xmin":551,"ymin":424,"xmax":635,"ymax":464}},{"name":" Car","bndbox":{"xmin":368,"ymin":414,"xmax":465,"ymax":439}},{"name":" Car","bndbox":{"xmin":168,"ymin":437,"xmax":585,"ymax":589}},{"name":" Car","bndbox":{"xmin":133,"ymin":444,"xmax":335,"ymax":528}},{"name":" Car","bndbox":{"xmin":133,"ymin":371,"xmax":372,"ymax":496}},{"name":" Car","bndbox":{"xmin":40,"ymin":449,"xmax":150,"ymax":495}},{"name":" Car","bndbox":{"xmin":1,"ymin":448,"xmax":73,"ymax":496}},{"name":" Person","bndbox":{"xmin":1104,"ymin":457,"xmax":1116,"ymax":479}},{"name":" Person","bndbox":{"xmin":1209,"ymin":461,"xmax":1224,"ymax":487}},{"name":" Person","bndbox":{"xmin":1244,"ymin":466,"xmax":1264,"ymax":498}},{"name":" Person","bndbox":{"xmin":1031,"ymin":455,"xmax":1047,"ymax":486}},{"name":" Person","bndbox":{"xmin":988,"ymin":458,"xmax":1004,"ymax":502}},{"name":" Person","bndbox":{"xmin":976,"ymin":459,"xmax":987,"ymax":483}},{"name":" Person","bndbox":{"xmin":963,"ymin":456,"xmax":972,"ymax":469}},{"name":" Person","bndbox":{"xmin":953,"ymin":457,"xmax":961,"ymax":466}},{"name":" Person","bndbox":{"xmin":294,"ymin":654,"xmax":800,"ymax":1070}}]},"time_labeled":1603743734839,"labeled":true,"size":{"width":1920,"height":1080,"depth":3}}