{"path":"/home/qin/SeniorA/PracticeA/IRCRA/Proj/datasets/data_traffic/data/images/train_157-176/165.jpg","outputs":{"object":[{"name":"CrossWalk","bndbox":{"xmin":854,"ymin":512,"xmax":1914,"ymax":1074}},{"name":"CrossWalk","bndbox":{"xmin":440,"ymin":510,"xmax":540,"ymax":522}},{"name":"CrossWalk","bndbox":{"xmin":824,"ymin":512,"xmax":936,"ymax":522}},{"name":"CrossWalk","bndbox":{"xmin":6,"ymin":850,"xmax":274,"ymax":1072}},{"name":" RedLight","bndbox":{"xmin":728,"ymin":306,"xmax":740,"ymax":314}},{"name":" RedLight","bndbox":{"xmin":771,"ymin":305,"xmax":783,"ymax":317}},{"name":" RedLight","bndbox":{"xmin":1003,"ymin":352,"xmax":1019,"ymax":364}},{"name":" RedLight","bndbox":{"xmin":1008,"ymin":400,"xmax":1017,"ymax":413}},{"name":" RedLight","bndbox":{"xmin":1006,"ymin":422,"xmax":1018,"ymax":435}},{"name":" GreenLight","bndbox":{"xmin":817,"ymin":333,"xmax":828,"ymax":342}},{"name":" Car","bndbox":{"xmin":1070,"ymin":466,"xmax":1314,"ymax":552}},{"name":" Car","bndbox":{"xmin":990,"ymin":470,"xmax":1148,"ymax":536}},{"name":" Car","bndbox":{"xmin":1846,"ymin":491,"xmax":1920,"ymax":548}},{"name":" Car","bndbox":{"xmin":850,"ymin":458,"xmax":880,"ymax":477}},{"name":" Car","bndbox":{"xmin":779,"ymin":463,"xmax":872,"ymax":517}},{"name":" Car","bndbox":{"xmin":537,"ymin":460,"xmax":801,"ymax":547}},{"name":" Car","bndbox":{"xmin":551,"ymin":418,"xmax":637,"ymax":464}},{"name":" Car","bndbox":{"xmin":530,"ymin":455,"xmax":579,"ymax":483}},{"name":" Car","bndbox":{"xmin":450,"ymin":443,"xmax":532,"ymax":490}},{"name":" Car","bndbox":{"xmin":391,"ymin":450,"xmax":469,"ymax":498}},{"name":" Car","bndbox":{"xmin":372,"ymin":404,"xmax":514,"ymax":473}},{"name":" Car","bndbox":{"xmin":114,"ymin":449,"xmax":444,"ymax":564}},{"name":" Car","bndbox":{"xmin":138,"ymin":370,"xmax":378,"ymax":496}},{"name":" Car","bndbox":{"xmin":0,"ymin":427,"xmax":120,"ymax":606}},{"name":" Car","bndbox":{"xmin":75,"ymin":436,"xmax":196,"ymax":512}},{"name":" Person","bndbox":{"xmin":530,"ymin":488,"xmax":850,"ymax":758}},{"name":" Person","bndbox":{"xmin":254,"ymin":644,"xmax":802,"ymax":1078}},{"name":" Person","bndbox":{"xmin":1034,"ymin":455,"xmax":1047,"ymax":494}},{"name":" Person","bndbox":{"xmin":1331,"ymin":466,"xmax":1354,"ymax":507}},{"name":" Person","bndbox":{"xmin":993,"ymin":457,"xmax":1004,"ymax":500}},{"name":" Person","bndbox":{"xmin":988,"ymin":458,"xmax":998,"ymax":497}},{"name":" Person","bndbox":{"xmin":973,"ymin":461,"xmax":990,"ymax":515}},{"name":" Person","bndbox":{"xmin":956,"ymin":458,"xmax":970,"ymax":513}},{"name":" Person","bndbox":{"xmin":940,"ymin":462,"xmax":953,"ymax":501}},{"name":" Person","bndbox":{"xmin":929,"ymin":460,"xmax":943,"ymax":513}}]},"time_labeled":1603743809613,"labeled":true,"size":{"width":1920,"height":1080,"depth":3}}