{"path":"/home/qin/SeniorA/PracticeA/IRCRA/Proj/datasets/data_traffic/data/images/train_157-176/166.jpg","outputs":{"object":[{"name":"CrossWalk","bndbox":{"xmin":596,"ymin":516,"xmax":892,"ymax":526}},{"name":"CrossWalk","bndbox":{"xmin":829,"ymin":514,"xmax":1909,"ymax":1069}},{"name":"CrossWalk","bndbox":{"xmin":4,"ymin":854,"xmax":282,"ymax":1064}},{"name":" RedLight","bndbox":{"xmin":731,"ymin":308,"xmax":741,"ymax":318}},{"name":" RedLight","bndbox":{"xmin":774,"ymin":310,"xmax":786,"ymax":319}},{"name":" RedLight","bndbox":{"xmin":1007,"ymin":355,"xmax":1021,"ymax":369}},{"name":" RedLight","bndbox":{"xmin":1011,"ymin":404,"xmax":1023,"ymax":413}},{"name":" RedLight","bndbox":{"xmin":1010,"ymin":427,"xmax":1020,"ymax":437}},{"name":" GreenLight","bndbox":{"xmin":821,"ymin":337,"xmax":831,"ymax":344}},{"name":" Car","bndbox":{"xmin":2,"ymin":24,"xmax":442,"ymax":834}},{"name":" Car","bndbox":{"xmin":420,"ymin":452,"xmax":597,"ymax":553}},{"name":" Car","bndbox":{"xmin":260,"ymin":377,"xmax":386,"ymax":478}},{"name":" Car","bndbox":{"xmin":386,"ymin":419,"xmax":530,"ymax":478}},{"name":" Car","bndbox":{"xmin":553,"ymin":424,"xmax":641,"ymax":478}},{"name":" Car","bndbox":{"xmin":708,"ymin":464,"xmax":808,"ymax":520}},{"name":" Car","bndbox":{"xmin":802,"ymin":461,"xmax":840,"ymax":495}},{"name":" Car","bndbox":{"xmin":865,"ymin":461,"xmax":890,"ymax":483}},{"name":" Car","bndbox":{"xmin":903,"ymin":468,"xmax":946,"ymax":500}},{"name":" Car","bndbox":{"xmin":896,"ymin":461,"xmax":1141,"ymax":549}},{"name":" Person","bndbox":{"xmin":202,"ymin":620,"xmax":796,"ymax":1074}},{"name":" Person","bndbox":{"xmin":1104,"ymin":522,"xmax":1334,"ymax":778}},{"name":" Person","bndbox":{"xmin":1265,"ymin":465,"xmax":1278,"ymax":507}},{"name":" Person","bndbox":{"xmin":1338,"ymin":467,"xmax":1357,"ymax":503}},{"name":" Person","bndbox":{"xmin":1186,"ymin":465,"xmax":1200,"ymax":526}},{"name":" Person","bndbox":{"xmin":1164,"ymin":473,"xmax":1177,"ymax":498}},{"name":" Person","bndbox":{"xmin":1171,"ymin":466,"xmax":1188,"ymax":508}},{"name":" Person","bndbox":{"xmin":960,"ymin":462,"xmax":968,"ymax":480}},{"name":" Person","bndbox":{"xmin":965,"ymin":461,"xmax":974,"ymax":477}},{"name":" Person","bndbox":{"xmin":977,"ymin":461,"xmax":985,"ymax":472}},{"name":" Person","bndbox":{"xmin":981,"ymin":462,"xmax":992,"ymax":469}},{"name":" Person","bndbox":{"xmin":944,"ymin":464,"xmax":959,"ymax":482}},{"name":" Person","bndbox":{"xmin":931,"ymin":465,"xmax":945,"ymax":488}},{"name":" Person","bndbox":{"xmin":848,"ymin":463,"xmax":856,"ymax":485}}]},"time_labeled":1603743864545,"labeled":true,"size":{"width":1920,"height":1080,"depth":3}}