{"path":"/home/qin/SeniorA/PracticeA/IRCRA/Proj/datasets/data_traffic/data/images/train_157-176/167.jpg","outputs":{"object":[{"name":"CrossWalk","bndbox":{"xmin":838,"ymin":536,"xmax":1916,"ymax":1058}},{"name":"CrossWalk","bndbox":{"xmin":0,"ymin":906,"xmax":268,"ymax":1084}},{"name":" RedLight","bndbox":{"xmin":734,"ymin":313,"xmax":745,"ymax":323}},{"name":" RedLight","bndbox":{"xmin":776,"ymin":315,"xmax":787,"ymax":324}},{"name":" RedLight","bndbox":{"xmin":1010,"ymin":360,"xmax":1024,"ymax":373}},{"name":" RedLight","bndbox":{"xmin":1013,"ymin":409,"xmax":1025,"ymax":418}},{"name":" RedLight","bndbox":{"xmin":1014,"ymin":430,"xmax":1024,"ymax":442}},{"name":" GreenLight","bndbox":{"xmin":825,"ymin":342,"xmax":833,"ymax":350}},{"name":" Car","bndbox":{"xmin":-4,"ymin":4,"xmax":802,"ymax":884}},{"name":" Car","bndbox":{"xmin":767,"ymin":462,"xmax":949,"ymax":551}},{"name":" Car","bndbox":{"xmin":957,"ymin":478,"xmax":1096,"ymax":538}},{"name":" Car","bndbox":{"xmin":797,"ymin":452,"xmax":815,"ymax":464}},{"name":" Car","bndbox":{"xmin":843,"ymin":453,"xmax":859,"ymax":464}},{"name":" Car","bndbox":{"xmin":1411,"ymin":479,"xmax":1639,"ymax":565}},{"name":" Car","bndbox":{"xmin":1519,"ymin":474,"xmax":1805,"ymax":564}},{"name":" Car","bndbox":{"xmin":1849,"ymin":518,"xmax":1919,"ymax":577}},{"name":" Person","bndbox":{"xmin":1646,"ymin":510,"xmax":1858,"ymax":718}},{"name":" Person","bndbox":{"xmin":212,"ymin":600,"xmax":784,"ymax":1084}},{"name":" Person","bndbox":{"xmin":1124,"ymin":472,"xmax":1140,"ymax":512}},{"name":" Person","bndbox":{"xmin":1169,"ymin":469,"xmax":1192,"ymax":527}},{"name":" Person","bndbox":{"xmin":1043,"ymin":464,"xmax":1057,"ymax":479}},{"name":" Person","bndbox":{"xmin":967,"ymin":463,"xmax":976,"ymax":498}},{"name":" Person","bndbox":{"xmin":973,"ymin":469,"xmax":980,"ymax":480}},{"name":" Person","bndbox":{"xmin":934,"ymin":463,"xmax":949,"ymax":491}},{"name":" Person","bndbox":{"xmin":944,"ymin":472,"xmax":964,"ymax":513}}]},"time_labeled":1603743925265,"labeled":true,"size":{"width":1920,"height":1080,"depth":3}}