{"path":"/home/qin/SeniorA/PracticeA/IRCRA/Proj/datasets/data_traffic/data/images/train_157-176/168.jpg","outputs":{"object":[{"name":"CrossWalk","bndbox":{"xmin":814,"ymin":510,"xmax":1912,"ymax":1066}},{"name":"CrossWalk","bndbox":{"xmin":-2,"ymin":858,"xmax":324,"ymax":1084}},{"name":"CrossWalk","bndbox":{"xmin":107,"ymin":516,"xmax":219,"ymax":537}},{"name":" Car","bndbox":{"xmin":1627,"ymin":475,"xmax":1916,"ymax":591}},{"name":" Car","bndbox":{"xmin":1245,"ymin":477,"xmax":1543,"ymax":570}},{"name":" Car","bndbox":{"xmin":1187,"ymin":477,"xmax":1373,"ymax":549}},{"name":" Car","bndbox":{"xmin":218,"ymin":132,"xmax":1095,"ymax":767}},{"name":" Car","bndbox":{"xmin":145,"ymin":377,"xmax":241,"ymax":501}},{"name":" Car","bndbox":{"xmin":85,"ymin":456,"xmax":163,"ymax":505}},{"name":" Car","bndbox":{"xmin":0,"ymin":454,"xmax":115,"ymax":572}},{"name":" Person","bndbox":{"xmin":1160,"ymin":476,"xmax":1186,"ymax":535}},{"name":" Person","bndbox":{"xmin":207,"ymin":636,"xmax":803,"ymax":1081}}]},"time_labeled":1603743962540,"labeled":true,"size":{"width":1920,"height":1080,"depth":3}}