{"path":"/home/qin/SeniorA/PracticeA/IRCRA/Proj/datasets/data_traffic/data/images/train_157-176/169.jpg","outputs":{"object":[{"name":"CrossWalk","bndbox":{"xmin":807,"ymin":532,"xmax":1917,"ymax":1066}},{"name":"CrossWalk","bndbox":{"xmin":-2,"ymin":854,"xmax":288,"ymax":1076}},{"name":"CrossWalk","bndbox":{"xmin":4,"ymin":514,"xmax":206,"ymax":536}},{"name":"CrossWalk","bndbox":{"xmin":545,"ymin":517,"xmax":683,"ymax":533}},{"name":" Car","bndbox":{"xmin":1838,"ymin":478,"xmax":1920,"ymax":554}},{"name":" Car","bndbox":{"xmin":1650,"ymin":476,"xmax":1906,"ymax":570}},{"name":" Car","bndbox":{"xmin":1370,"ymin":472,"xmax":1694,"ymax":588}},{"name":" Car","bndbox":{"xmin":674,"ymin":234,"xmax":1354,"ymax":712}},{"name":" Car","bndbox":{"xmin":210,"ymin":454,"xmax":516,"ymax":560}},{"name":" Car","bndbox":{"xmin":561,"ymin":427,"xmax":648,"ymax":482}},{"name":" Car","bndbox":{"xmin":531,"ymin":462,"xmax":589,"ymax":490}},{"name":" Car","bndbox":{"xmin":471,"ymin":451,"xmax":539,"ymax":489}},{"name":" Car","bndbox":{"xmin":382,"ymin":415,"xmax":525,"ymax":465}},{"name":" Car","bndbox":{"xmin":150,"ymin":375,"xmax":383,"ymax":504}},{"name":" Car","bndbox":{"xmin":54,"ymin":453,"xmax":168,"ymax":502}},{"name":" Car","bndbox":{"xmin":2,"ymin":455,"xmax":81,"ymax":509}},{"name":" Person","bndbox":{"xmin":214,"ymin":622,"xmax":800,"ymax":1076}},{"name":" Person","bndbox":{"xmin":510,"ymin":461,"xmax":533,"ymax":517}}]},"time_labeled":1603744015202,"labeled":true,"size":{"width":1920,"height":1080,"depth":3}}