{"path":"/home/qin/SeniorA/PracticeA/IRCRA/Proj/datasets/data_traffic/data/images/train_157-176/170.jpg","outputs":{"object":[{"name":"CrossWalk","bndbox":{"xmin":806,"ymin":539,"xmax":1913,"ymax":1060}},{"name":"CrossWalk","bndbox":{"xmin":-3,"ymin":841,"xmax":347,"ymax":1075}},{"name":"CrossWalk","bndbox":{"xmin":604,"ymin":514,"xmax":636,"ymax":530}},{"name":"CrossWalk","bndbox":{"xmin":251,"ymin":522,"xmax":302,"ymax":535}},{"name":" RedLight","bndbox":{"xmin":726,"ymin":313,"xmax":738,"ymax":324}},{"name":" RedLight","bndbox":{"xmin":766,"ymin":314,"xmax":780,"ymax":327}},{"name":" RedLight","bndbox":{"xmin":1004,"ymin":362,"xmax":1017,"ymax":377}},{"name":" RedLight","bndbox":{"xmin":1002,"ymin":409,"xmax":1015,"ymax":423}},{"name":" RedLight","bndbox":{"xmin":1001,"ymin":435,"xmax":1015,"ymax":445}},{"name":" GreenLight","bndbox":{"xmin":813,"ymin":344,"xmax":827,"ymax":352}},{"name":" Car","bndbox":{"xmin":1612,"ymin":476,"xmax":1908,"ymax":590}},{"name":" Car","bndbox":{"xmin":1100,"ymin":502,"xmax":1546,"ymax":702}},{"name":" Car","bndbox":{"xmin":1042,"ymin":476,"xmax":1240,"ymax":556}},{"name":" Car","bndbox":{"xmin":636,"ymin":458,"xmax":1026,"ymax":600}},{"name":" Car","bndbox":{"xmin":284,"ymin":462,"xmax":606,"ymax":564}},{"name":" Car","bndbox":{"xmin":-1,"ymin":435,"xmax":475,"ymax":811}},{"name":" Car","bndbox":{"xmin":546,"ymin":427,"xmax":634,"ymax":480}},{"name":" Car","bndbox":{"xmin":372,"ymin":417,"xmax":478,"ymax":469}},{"name":" Car","bndbox":{"xmin":373,"ymin":463,"xmax":439,"ymax":509}},{"name":" Car","bndbox":{"xmin":278,"ymin":451,"xmax":379,"ymax":504}},{"name":" Car","bndbox":{"xmin":442,"ymin":450,"xmax":535,"ymax":494}},{"name":" Car","bndbox":{"xmin":516,"ymin":463,"xmax":577,"ymax":486}},{"name":" Car","bndbox":{"xmin":133,"ymin":373,"xmax":374,"ymax":504}},{"name":" Person","bndbox":{"xmin":998,"ymin":494,"xmax":1174,"ymax":688}},{"name":" Person","bndbox":{"xmin":198,"ymin":618,"xmax":792,"ymax":1074}}]},"time_labeled":1603744043158,"labeled":true,"size":{"width":1920,"height":1080,"depth":3}}