{"path":"/home/qin/SeniorA/PracticeA/IRCRA/Proj/datasets/data_traffic/data/images/train_157-176/171.jpg","outputs":{"object":[{"name":"CrossWalk","bndbox":{"xmin":800,"ymin":532,"xmax":1907,"ymax":1068}},{"name":"CrossWalk","bndbox":{"xmin":4,"ymin":858,"xmax":280,"ymax":1082}},{"name":"CrossWalk","bndbox":{"xmin":723,"ymin":518,"xmax":764,"ymax":530}},{"name":" RedLight","bndbox":{"xmin":727,"ymin":311,"xmax":737,"ymax":324}},{"name":" RedLight","bndbox":{"xmin":772,"ymin":315,"xmax":782,"ymax":324}},{"name":" RedLight","bndbox":{"xmin":1003,"ymin":362,"xmax":1019,"ymax":375}},{"name":" RedLight","bndbox":{"xmin":1006,"ymin":409,"xmax":1017,"ymax":420}},{"name":" RedLight","bndbox":{"xmin":1006,"ymin":434,"xmax":1015,"ymax":443}},{"name":" GreenLight","bndbox":{"xmin":815,"ymin":341,"xmax":826,"ymax":350}},{"name":" Car","bndbox":{"xmin":1390,"ymin":506,"xmax":1826,"ymax":654}},{"name":" Car","bndbox":{"xmin":1876,"ymin":490,"xmax":1920,"ymax":567}},{"name":" Car","bndbox":{"xmin":1693,"ymin":476,"xmax":1879,"ymax":540}},{"name":" Car","bndbox":{"xmin":1503,"ymin":470,"xmax":1684,"ymax":527}},{"name":" Car","bndbox":{"xmin":1265,"ymin":480,"xmax":1520,"ymax":586}},{"name":" Car","bndbox":{"xmin":762,"ymin":472,"xmax":1017,"ymax":559}},{"name":" Car","bndbox":{"xmin":802,"ymin":469,"xmax":865,"ymax":506}},{"name":" Car","bndbox":{"xmin":860,"ymin":466,"xmax":890,"ymax":482}},{"name":" Car","bndbox":{"xmin":33,"ymin":442,"xmax":820,"ymax":791}},{"name":" Car","bndbox":{"xmin":588,"ymin":451,"xmax":724,"ymax":553}},{"name":" Car","bndbox":{"xmin":41,"ymin":450,"xmax":137,"ymax":494}},{"name":" Car","bndbox":{"xmin":-1,"ymin":462,"xmax":153,"ymax":565}},{"name":" Car","bndbox":{"xmin":-1,"ymin":451,"xmax":64,"ymax":500}},{"name":" Car","bndbox":{"xmin":133,"ymin":370,"xmax":374,"ymax":467}},{"name":" Car","bndbox":{"xmin":376,"ymin":415,"xmax":535,"ymax":451}},{"name":" Car","bndbox":{"xmin":559,"ymin":421,"xmax":637,"ymax":457}},{"name":" Car","bndbox":{"xmin":726,"ymin":448,"xmax":764,"ymax":467}},{"name":" Car","bndbox":{"xmin":802,"ymin":453,"xmax":829,"ymax":467}},{"name":" Car","bndbox":{"xmin":782,"ymin":463,"xmax":798,"ymax":468}},{"name":" Person","bndbox":{"xmin":1447,"ymin":503,"xmax":1565,"ymax":624}},{"name":" Person","bndbox":{"xmin":1218,"ymin":480,"xmax":1249,"ymax":532}},{"name":" Person","bndbox":{"xmin":1071,"ymin":464,"xmax":1089,"ymax":497}},{"name":" Person","bndbox":{"xmin":1036,"ymin":464,"xmax":1046,"ymax":509}},{"name":" Person","bndbox":{"xmin":979,"ymin":471,"xmax":992,"ymax":491}},{"name":" Person","bndbox":{"xmin":962,"ymin":467,"xmax":975,"ymax":483}},{"name":" Person","bndbox":{"xmin":211,"ymin":637,"xmax":788,"ymax":1075}}]},"time_labeled":1603744087850,"labeled":true,"size":{"width":1920,"height":1080,"depth":3}}