{"path":"/home/qin/SeniorA/PracticeA/IRCRA/Proj/datasets/data_traffic/data/images/train_157-176/172.jpg","outputs":{"object":[{"name":"CrossWalk","bndbox":{"xmin":0,"ymin":850,"xmax":294,"ymax":1082}},{"name":"CrossWalk","bndbox":{"xmin":802,"ymin":552,"xmax":1920,"ymax":1070}},{"name":"CrossWalk","bndbox":{"xmin":380,"ymin":516,"xmax":504,"ymax":532}},{"name":" RedLight","bndbox":{"xmin":730,"ymin":314,"xmax":740,"ymax":323}},{"name":" RedLight","bndbox":{"xmin":771,"ymin":315,"xmax":783,"ymax":324}},{"name":" RedLight","bndbox":{"xmin":1007,"ymin":362,"xmax":1020,"ymax":374}},{"name":" RedLight","bndbox":{"xmin":1008,"ymin":409,"xmax":1022,"ymax":421}},{"name":" RedLight","bndbox":{"xmin":1009,"ymin":432,"xmax":1020,"ymax":443}},{"name":" GreenLight","bndbox":{"xmin":819,"ymin":341,"xmax":828,"ymax":351}},{"name":" Car","bndbox":{"xmin":1683,"ymin":504,"xmax":1919,"ymax":643}},{"name":" Car","bndbox":{"xmin":1612,"ymin":451,"xmax":1920,"ymax":566}},{"name":" Car","bndbox":{"xmin":1479,"ymin":471,"xmax":1662,"ymax":548}},{"name":" Car","bndbox":{"xmin":1222,"ymin":469,"xmax":1440,"ymax":569}},{"name":" Car","bndbox":{"xmin":1010,"ymin":484,"xmax":1293,"ymax":594}},{"name":" Car","bndbox":{"xmin":545,"ymin":455,"xmax":1105,"ymax":725}},{"name":" Car","bndbox":{"xmin":503,"ymin":486,"xmax":605,"ymax":546}},{"name":" Car","bndbox":{"xmin":547,"ymin":424,"xmax":643,"ymax":483}},{"name":" Car","bndbox":{"xmin":527,"ymin":463,"xmax":584,"ymax":495}},{"name":" Car","bndbox":{"xmin":454,"ymin":447,"xmax":536,"ymax":488}},{"name":" Car","bndbox":{"xmin":372,"ymin":461,"xmax":470,"ymax":506}},{"name":" Car","bndbox":{"xmin":386,"ymin":450,"xmax":452,"ymax":480}},{"name":" Car","bndbox":{"xmin":376,"ymin":413,"xmax":521,"ymax":472}},{"name":" Car","bndbox":{"xmin":330,"ymin":456,"xmax":385,"ymax":488}},{"name":" Car","bndbox":{"xmin":138,"ymin":376,"xmax":374,"ymax":500}},{"name":" Car","bndbox":{"xmin":0,"ymin":445,"xmax":386,"ymax":610}},{"name":" Car","bndbox":{"xmin":0,"ymin":454,"xmax":93,"ymax":500}},{"name":" Person","bndbox":{"xmin":1774,"ymin":500,"xmax":1883,"ymax":616}},{"name":" Person","bndbox":{"xmin":1075,"ymin":465,"xmax":1087,"ymax":496}},{"name":" Person","bndbox":{"xmin":1036,"ymin":465,"xmax":1049,"ymax":517}},{"name":" Person","bndbox":{"xmin":976,"ymin":463,"xmax":992,"ymax":508}},{"name":" Person","bndbox":{"xmin":969,"ymin":471,"xmax":980,"ymax":488}},{"name":" Person","bndbox":{"xmin":961,"ymin":465,"xmax":971,"ymax":482}},{"name":" Person","bndbox":{"xmin":197,"ymin":626,"xmax":796,"ymax":1078}}]},"time_labeled":1603744184331,"labeled":true,"size":{"width":1920,"height":1080,"depth":3}}