{"path":"/home/qin/SeniorA/PracticeA/IRCRA/Proj/datasets/data_traffic/data/images/train_157-176/173.jpg","outputs":{"object":[{"name":"CrossWalk","bndbox":{"xmin":-2,"ymin":856,"xmax":314,"ymax":1080}},{"name":"CrossWalk","bndbox":{"xmin":802,"ymin":520,"xmax":1914,"ymax":1072}},{"name":"CrossWalk","bndbox":{"xmin":507,"ymin":520,"xmax":668,"ymax":534}},{"name":"CrossWalk","bndbox":{"xmin":0,"ymin":515,"xmax":199,"ymax":534}},{"name":" RedLight","bndbox":{"xmin":733,"ymin":317,"xmax":743,"ymax":325}},{"name":" RedLight","bndbox":{"xmin":775,"ymin":316,"xmax":785,"ymax":326}},{"name":" RedLight","bndbox":{"xmin":1006,"ymin":363,"xmax":1023,"ymax":377}},{"name":" RedLight","bndbox":{"xmin":1010,"ymin":411,"xmax":1021,"ymax":423}},{"name":" RedLight","bndbox":{"xmin":1010,"ymin":434,"xmax":1020,"ymax":444}},{"name":" GreenLight","bndbox":{"xmin":820,"ymin":343,"xmax":831,"ymax":353}},{"name":" Car","bndbox":{"xmin":1787,"ymin":492,"xmax":1917,"ymax":588}},{"name":" Car","bndbox":{"xmin":1352,"ymin":449,"xmax":1676,"ymax":575}},{"name":" Car","bndbox":{"xmin":1306,"ymin":474,"xmax":1429,"ymax":539}},{"name":" Car","bndbox":{"xmin":885,"ymin":463,"xmax":1354,"ymax":665}},{"name":" Car","bndbox":{"xmin":625,"ymin":479,"xmax":943,"ymax":602}},{"name":" Car","bndbox":{"xmin":824,"ymin":466,"xmax":915,"ymax":491}},{"name":" Car","bndbox":{"xmin":880,"ymin":465,"xmax":940,"ymax":483}},{"name":" Car","bndbox":{"xmin":795,"ymin":454,"xmax":825,"ymax":471}},{"name":" Car","bndbox":{"xmin":713,"ymin":450,"xmax":755,"ymax":474}},{"name":" Car","bndbox":{"xmin":654,"ymin":463,"xmax":686,"ymax":480}},{"name":" Car","bndbox":{"xmin":553,"ymin":429,"xmax":641,"ymax":480}},{"name":" Car","bndbox":{"xmin":534,"ymin":462,"xmax":585,"ymax":489}},{"name":" Car","bndbox":{"xmin":460,"ymin":454,"xmax":533,"ymax":490}},{"name":" Car","bndbox":{"xmin":378,"ymin":423,"xmax":520,"ymax":469}},{"name":" Car","bndbox":{"xmin":413,"ymin":461,"xmax":457,"ymax":482}},{"name":" Car","bndbox":{"xmin":200,"ymin":464,"xmax":508,"ymax":556}},{"name":" Car","bndbox":{"xmin":139,"ymin":376,"xmax":379,"ymax":495}},{"name":" Car","bndbox":{"xmin":48,"ymin":457,"xmax":153,"ymax":510}},{"name":" Car","bndbox":{"xmin":0,"ymin":456,"xmax":82,"ymax":505}},{"name":" Car","bndbox":{"xmin":0,"ymin":513,"xmax":7,"ymax":591}},{"name":" Person","bndbox":{"xmin":204,"ymin":624,"xmax":798,"ymax":1082}}]},"time_labeled":1603744340993,"labeled":true,"size":{"width":1920,"height":1080,"depth":3}}