{"path":"/home/qin/SeniorA/PracticeA/IRCRA/Proj/datasets/data_traffic/data/images/train_157-176/174.jpg","outputs":{"object":[{"name":"CrossWalk","bndbox":{"xmin":4,"ymin":857,"xmax":295,"ymax":1077}},{"name":"CrossWalk","bndbox":{"xmin":816,"ymin":586,"xmax":1913,"ymax":1068}},{"name":"CrossWalk","bndbox":{"xmin":626,"ymin":526,"xmax":952,"ymax":547}},{"name":"CrossWalk","bndbox":{"xmin":0,"ymin":528,"xmax":177,"ymax":543}},{"name":" RedLight","bndbox":{"xmin":742,"ymin":327,"xmax":753,"ymax":337}},{"name":" RedLight","bndbox":{"xmin":784,"ymin":329,"xmax":795,"ymax":339}},{"name":" GreenLight","bndbox":{"xmin":832,"ymin":355,"xmax":843,"ymax":364}},{"name":" Car","bndbox":{"xmin":940,"ymin":286,"xmax":1918,"ymax":678}},{"name":" Car","bndbox":{"xmin":887,"ymin":480,"xmax":915,"ymax":498}},{"name":" Car","bndbox":{"xmin":786,"ymin":478,"xmax":841,"ymax":524}},{"name":" Car","bndbox":{"xmin":562,"ymin":441,"xmax":652,"ymax":497}},{"name":" Car","bndbox":{"xmin":751,"ymin":462,"xmax":790,"ymax":481}},{"name":" Car","bndbox":{"xmin":654,"ymin":460,"xmax":704,"ymax":488}},{"name":" Car","bndbox":{"xmin":670,"ymin":477,"xmax":698,"ymax":495}},{"name":" Car","bndbox":{"xmin":259,"ymin":465,"xmax":652,"ymax":604}},{"name":" Car","bndbox":{"xmin":392,"ymin":431,"xmax":537,"ymax":481}},{"name":" Car","bndbox":{"xmin":296,"ymin":474,"xmax":395,"ymax":517}},{"name":" Car","bndbox":{"xmin":153,"ymin":390,"xmax":391,"ymax":514}},{"name":" Car","bndbox":{"xmin":63,"ymin":471,"xmax":159,"ymax":523}},{"name":" Car","bndbox":{"xmin":1,"ymin":467,"xmax":90,"ymax":513}},{"name":" Person","bndbox":{"xmin":175,"ymin":472,"xmax":274,"ymax":604}},{"name":" Person","bndbox":{"xmin":940,"ymin":481,"xmax":957,"ymax":522}},{"name":" Person","bndbox":{"xmin":206,"ymin":638,"xmax":806,"ymax":1078}}]},"time_labeled":1603744452970,"labeled":true,"size":{"width":1920,"height":1080,"depth":3}}