{"path":"/home/qin/SeniorA/PracticeA/IRCRA/Proj/datasets/data_traffic/data/images/train_157-176/175.jpg","outputs":{"object":[{"name":"CrossWalk","bndbox":{"xmin":828,"ymin":538,"xmax":1922,"ymax":1082}},{"name":"CrossWalk","bndbox":{"xmin":2,"ymin":878,"xmax":342,"ymax":1076}},{"name":"CrossWalk","bndbox":{"xmin":400,"ymin":530,"xmax":983,"ymax":541}},{"name":"CrossWalk","bndbox":{"xmin":285,"ymin":527,"xmax":324,"ymax":538}},{"name":" RedLight","bndbox":{"xmin":740,"ymin":325,"xmax":751,"ymax":333}},{"name":" RedLight","bndbox":{"xmin":783,"ymin":326,"xmax":793,"ymax":336}},{"name":" RedLight","bndbox":{"xmin":1014,"ymin":372,"xmax":1031,"ymax":386}},{"name":" RedLight","bndbox":{"xmin":1020,"ymin":421,"xmax":1029,"ymax":430}},{"name":" RedLight","bndbox":{"xmin":1020,"ymin":441,"xmax":1030,"ymax":452}},{"name":" Car","bndbox":{"xmin":1352,"ymin":333,"xmax":1920,"ymax":673}},{"name":" Car","bndbox":{"xmin":891,"ymin":476,"xmax":914,"ymax":493}},{"name":" Car","bndbox":{"xmin":798,"ymin":478,"xmax":852,"ymax":512}},{"name":" Car","bndbox":{"xmin":741,"ymin":460,"xmax":783,"ymax":480}},{"name":" Car","bndbox":{"xmin":664,"ymin":472,"xmax":694,"ymax":489}},{"name":" Car","bndbox":{"xmin":649,"ymin":457,"xmax":695,"ymax":478}},{"name":" Car","bndbox":{"xmin":564,"ymin":440,"xmax":650,"ymax":490}},{"name":" Car","bndbox":{"xmin":542,"ymin":475,"xmax":594,"ymax":501}},{"name":" Car","bndbox":{"xmin":468,"ymin":461,"xmax":544,"ymax":503}},{"name":" Car","bndbox":{"xmin":388,"ymin":472,"xmax":486,"ymax":515}},{"name":" Car","bndbox":{"xmin":385,"ymin":430,"xmax":480,"ymax":476}},{"name":" Car","bndbox":{"xmin":293,"ymin":467,"xmax":395,"ymax":511}},{"name":" Car","bndbox":{"xmin":156,"ymin":387,"xmax":389,"ymax":508}},{"name":" Car","bndbox":{"xmin":-1,"ymin":460,"xmax":292,"ymax":581}},{"name":" Car","bndbox":{"xmin":0,"ymin":502,"xmax":538,"ymax":845}},{"name":" Person","bndbox":{"xmin":1264,"ymin":486,"xmax":1286,"ymax":536}},{"name":" Person","bndbox":{"xmin":1106,"ymin":486,"xmax":1133,"ymax":533}},{"name":" Person","bndbox":{"xmin":1102,"ymin":471,"xmax":1114,"ymax":510}},{"name":" Person","bndbox":{"xmin":1082,"ymin":472,"xmax":1097,"ymax":515}},{"name":" Person","bndbox":{"xmin":1074,"ymin":481,"xmax":1082,"ymax":518}},{"name":" Person","bndbox":{"xmin":1047,"ymin":476,"xmax":1063,"ymax":530}},{"name":" Person","bndbox":{"xmin":1032,"ymin":479,"xmax":1045,"ymax":530}},{"name":" Person","bndbox":{"xmin":981,"ymin":479,"xmax":1000,"ymax":534}},{"name":" Person","bndbox":{"xmin":955,"ymin":482,"xmax":973,"ymax":530}},{"name":" Person","bndbox":{"xmin":937,"ymin":480,"xmax":953,"ymax":527}},{"name":" Person","bndbox":{"xmin":980,"ymin":476,"xmax":990,"ymax":490}},{"name":" Person","bndbox":{"xmin":1010,"ymin":492,"xmax":1020,"ymax":513}},{"name":" Person","bndbox":{"xmin":318,"ymin":473,"xmax":410,"ymax":566}},{"name":" Person","bndbox":{"xmin":226,"ymin":639,"xmax":807,"ymax":1078}}]},"time_labeled":1603744442503,"labeled":true,"size":{"width":1920,"height":1080,"depth":3}}