{"path":"/home/qin/SeniorA/PracticeA/IRCRA/Proj/datasets/data_traffic/data/images/train_157-176/176.jpg","outputs":{"object":[{"name":"CrossWalk","bndbox":{"xmin":825,"ymin":528,"xmax":1509,"ymax":1064}},{"name":"CrossWalk","bndbox":{"xmin":0,"ymin":868,"xmax":284,"ymax":1076}},{"name":"CrossWalk","bndbox":{"xmin":-2,"ymin":523,"xmax":332,"ymax":543}},{"name":"CrossWalk","bndbox":{"xmin":730,"ymin":520,"xmax":920,"ymax":536}},{"name":" RedLight","bndbox":{"xmin":741,"ymin":322,"xmax":752,"ymax":332}},{"name":" RedLight","bndbox":{"xmin":783,"ymin":324,"xmax":794,"ymax":333}},{"name":" RedLight","bndbox":{"xmin":1014,"ymin":370,"xmax":1028,"ymax":383}},{"name":" RedLight","bndbox":{"xmin":1015,"ymin":416,"xmax":1030,"ymax":430}},{"name":" RedLight","bndbox":{"xmin":1019,"ymin":439,"xmax":1030,"ymax":453}},{"name":" GreenLight","bndbox":{"xmin":828,"ymin":349,"xmax":839,"ymax":358}},{"name":" Car","bndbox":{"xmin":1742,"ymin":356,"xmax":1916,"ymax":658}},{"name":" Car","bndbox":{"xmin":894,"ymin":474,"xmax":918,"ymax":488}},{"name":" Car","bndbox":{"xmin":916,"ymin":472,"xmax":931,"ymax":481}},{"name":" Car","bndbox":{"xmin":933,"ymin":474,"xmax":945,"ymax":481}},{"name":" Car","bndbox":{"xmin":815,"ymin":475,"xmax":863,"ymax":506}},{"name":" Car","bndbox":{"xmin":731,"ymin":457,"xmax":777,"ymax":479}},{"name":" Car","bndbox":{"xmin":708,"ymin":471,"xmax":730,"ymax":481}},{"name":" Car","bndbox":{"xmin":648,"ymin":454,"xmax":690,"ymax":483}},{"name":" Car","bndbox":{"xmin":662,"ymin":469,"xmax":692,"ymax":490}},{"name":" Car","bndbox":{"xmin":563,"ymin":436,"xmax":648,"ymax":476}},{"name":" Car","bndbox":{"xmin":467,"ymin":457,"xmax":545,"ymax":493}},{"name":" Car","bndbox":{"xmin":389,"ymin":426,"xmax":489,"ymax":473}},{"name":" Car","bndbox":{"xmin":385,"ymin":464,"xmax":464,"ymax":509}},{"name":" Car","bndbox":{"xmin":293,"ymin":467,"xmax":393,"ymax":508}},{"name":" Car","bndbox":{"xmin":154,"ymin":387,"xmax":387,"ymax":511}},{"name":" Car","bndbox":{"xmin":59,"ymin":462,"xmax":170,"ymax":511}},{"name":" Car","bndbox":{"xmin":0,"ymin":463,"xmax":86,"ymax":510}},{"name":" Car","bndbox":{"xmin":168,"ymin":496,"xmax":923,"ymax":792}},{"name":" Person","bndbox":{"xmin":218,"ymin":638,"xmax":802,"ymax":1078}},{"name":" Person","bndbox":{"xmin":1261,"ymin":483,"xmax":1289,"ymax":546}},{"name":" Person","bndbox":{"xmin":1130,"ymin":475,"xmax":1151,"ymax":535}},{"name":" Person","bndbox":{"xmin":1122,"ymin":472,"xmax":1138,"ymax":502}},{"name":" Person","bndbox":{"xmin":1103,"ymin":471,"xmax":1125,"ymax":535}},{"name":" Person","bndbox":{"xmin":1046,"ymin":474,"xmax":1060,"ymax":524}},{"name":" Person","bndbox":{"xmin":1034,"ymin":480,"xmax":1051,"ymax":534}},{"name":" Person","bndbox":{"xmin":980,"ymin":477,"xmax":997,"ymax":524}},{"name":" Person","bndbox":{"xmin":984,"ymin":471,"xmax":1003,"ymax":509}},{"name":" Person","bndbox":{"xmin":940,"ymin":479,"xmax":962,"ymax":540}},{"name":" Person","bndbox":{"xmin":944,"ymin":474,"xmax":953,"ymax":492}}]},"time_labeled":1603744531308,"labeled":true,"size":{"width":1920,"height":1080,"depth":3}}